<?xml version="1.0" encoding="UTF-8"?>
<project-private xmlns="http://www.netbeans.org/ns/project-private/1">
    <editor-bookmarks xmlns="http://www.netbeans.org/ns/editor-bookmarks/2" lastBookmarkId="0"/>
    <open-files xmlns="http://www.netbeans.org/ns/projectui-open-files/2">
        <group>
            <file>file:/D:/study/summer2023/lab211/HospitalManagement-LAB1/src/tools/FileHandle.java</file>
            <file>file:/D:/study/summer2023/lab211/HospitalManagement-LAB1/src/business/NurseList.java</file>
            <file>file:/D:/study/summer2023/lab211/HospitalManagement-LAB1/src/models/Nurse.java</file>
            <file>file:/D:/study/summer2023/lab211/HospitalManagement-LAB1/src/view/Menu.java</file>
            <file>file:/D:/study/summer2023/lab211/HospitalManagement-LAB1/src/business/HospitalManagement.java</file>
            <file>file:/D:/study/summer2023/lab211/HospitalManagement-LAB1/src/runtime/Main.java</file>
            <file>file:/D:/study/summer2023/lab211/HospitalManagement-LAB1/src/business/PatientList.java</file>
            <file>file:/D:/study/summer2023/lab211/HospitalManagement-LAB1/src/models/Patient.java</file>
            <file>file:/D:/study/summer2023/lab211/HospitalManagement-LAB1/src/files/patients.dat</file>
            <file>file:/D:/study/summer2023/lab211/HospitalManagement-LAB1/src/tools/InputHandle.java</file>
        </group>
    </open-files>
</project-private>
